network,obd_param_count,forward_bs1_ms,forward_bs128_ms,mag_ms,obd_bs1_ms,obd_bs128_ms,path_mag_ms,forward,mag,obd,path_mag
AlexNet,2468544,1.646895945072174,8.252624034881592,4.522559881210327,16.082048416137695,45.26801681518555,25.09883213043213,1.6--8.3,4.5,16.1--45.3,25.1
VGG16,14710464,3.64847993850708,69.60204696655273,7.873503923416138,37.78120040893555,1510.00830078125,86.27796936035156,3.6--69.6,7.9,37.8--1510.0,86.3
ResNet18,10994880,3.0758880376815796,16.869248390197754,1.9347040057182312,74.4710578918457,231.28711700439453,49.15536117553711,3.1--16.9,1.9,74.5--231.3,49.2
